{
  "project_info": {
    "project_number": "499669979670",
    "firebase_url": "https://prime-sign-239504.firebaseio.com",
    "project_id": "prime-sign-239504",
    "storage_bucket": "prime-sign-239504.appspot.com"
  },
  "client": [
    {
      "client_info": {
        "mobilesdk_app_id": "1:499669979670:android:24c39b2dafaa7055",
        "android_client_info": {
          "package_name": "com.neil.reportph"
        }
      },
      "oauth_client": [
        {
          "client_id": "499669979670-4oh7r3tv0va9ke889t16vaoq296rl5ap.apps.googleusercontent.com",
          "client_type": 3
        }
      ],
      "api_key": [
        {
          "current_key": "AIzaSyD_1FSuJ9KwrcnLAK3pBqRhOleAUXtIunM"
        }
      ],
      "services": {
        "appinvite_service": {
          "other_platform_oauth_client": [
            {
              "client_id": "499669979670-4oh7r3tv0va9ke889t16vaoq296rl5ap.apps.googleusercontent.com",
              "client_type": 3
            }
          ]
        }
      }
    }
  ],
  "configuration_version": "1"
}